Id,Label,kind,class_count,interface_count,enum_count,total
com.mojang.blaze3d.audio,com.mojang.blaze3d.audio,package,6,1,1,8
com.mojang.blaze3d.Blaze3D,com.mojang.blaze3d.Blaze3D,package,1,0,0,1
com.mojang.blaze3d.font,com.mojang.blaze3d.font,package,3,4,0,7
com.mojang.blaze3d.pipeline,com.mojang.blaze3d.pipeline,package,5,1,1,7
com.mojang.blaze3d.platform,com.mojang.blaze3d.platform,package,32,2,8,42
com.mojang.blaze3d.preprocessor,com.mojang.blaze3d.preprocessor,package,2,0,0,2
com.mojang.blaze3d.shaders,com.mojang.blaze3d.shaders,package,6,2,2,10
com.mojang.blaze3d.systems,com.mojang.blaze3d.systems,package,5,1,0,6
com.mojang.blaze3d.vertex,com.mojang.blaze3d.vertex,package,15,4,5,24
com.mojang.math.Constants,com.mojang.math.Constants,package,1,0,0,1
com.mojang.math.Divisor,com.mojang.math.Divisor,package,1,0,0,1
com.mojang.math.MatrixUtil,com.mojang.math.MatrixUtil,package,1,0,0,1
com.mojang.math.Transformation,com.mojang.math.Transformation,package,1,0,0,1
com.mojang.realmsclient.client,com.mojang.realmsclient.client,package,15,1,3,19
com.mojang.realmsclient.dto,com.mojang.realmsclient.dto,package,30,1,5,36
com.mojang.realmsclient.exception,com.mojang.realmsclient.exception,package,4,0,0,4
com.mojang.realmsclient.gui,com.mojang.realmsclient.gui,package,56,2,1,59
com.mojang.realmsclient.RealmsAvailability,com.mojang.realmsclient.RealmsAvailability,package,1,0,1,2
com.mojang.realmsclient.RealmsMainScreen,com.mojang.realmsclient.RealmsMainScreen,package,11,1,1,13
com.mojang.realmsclient.util,com.mojang.realmsclient.util,package,23,0,1,24
mcp.client.Start,mcp.client.Start,package,1,0,0,1
net.minecraft.advancements.Advancement,net.minecraft.advancements.Advancement,package,1,0,0,1
net.minecraft.advancements.AdvancementNode,net.minecraft.advancements.AdvancementNode,package,1,0,0,1
net.minecraft.advancements.AdvancementProgress,net.minecraft.advancements.AdvancementProgress,package,1,0,0,1
net.minecraft.advancements.AdvancementRewards,net.minecraft.advancements.AdvancementRewards,package,1,0,0,1
net.minecraft.advancements.AdvancementTree,net.minecraft.advancements.AdvancementTree,package,1,1,0,2
net.minecraft.advancements.critereon,net.minecraft.advancements.critereon,package,70,11,0,81
net.minecraft.advancements.CriteriaTriggers,net.minecraft.advancements.CriteriaTriggers,package,1,0,0,1
net.minecraft.advancements.CriterionProgress,net.minecraft.advancements.CriterionProgress,package,1,0,0,1
net.minecraft.advancements.DisplayInfo,net.minecraft.advancements.DisplayInfo,package,1,0,0,1
net.minecraft.advancements.TreeNodePosition,net.minecraft.advancements.TreeNodePosition,package,1,0,0,1
net.minecraft.BlockUtil,net.minecraft.BlockUtil,package,3,0,0,3
net.minecraft.client.animation,net.minecraft.client.animation,package,11,2,0,13
net.minecraft.client.Camera,net.minecraft.client.Camera,package,2,0,0,2
net.minecraft.client.ClientBrandRetriever,net.minecraft.client.ClientBrandRetriever,package,1,0,0,1
net.minecraft.client.ClientRecipeBook,net.minecraft.client.ClientRecipeBook,package,1,0,0,1
net.minecraft.client.color,net.minecraft.client.color,package,5,2,0,7
net.minecraft.client.CommandHistory,net.minecraft.client.CommandHistory,package,1,0,0,1
net.minecraft.client.ComponentCollector,net.minecraft.client.ComponentCollector,package,1,0,0,1
net.minecraft.client.DebugQueryHandler,net.minecraft.client.DebugQueryHandler,package,1,0,0,1
net.minecraft.client.DeltaTracker,net.minecraft.client.DeltaTracker,package,2,1,0,3
net.minecraft.client.GameNarrator,net.minecraft.client.GameNarrator,package,2,0,0,2
net.minecraft.client.gui,net.minecraft.client.gui,package,367,45,23,435
net.minecraft.client.HotbarManager,net.minecraft.client.HotbarManager,package,1,0,0,1
net.minecraft.client.KeyboardHandler,net.minecraft.client.KeyboardHandler,package,1,0,0,1
net.minecraft.client.KeyMapping,net.minecraft.client.KeyMapping,package,1,0,0,1
net.minecraft.client.main,net.minecraft.client.main,package,6,0,0,6
net.minecraft.client.Minecraft,net.minecraft.client.Minecraft,package,1,0,1,2
net.minecraft.client.model,net.minecraft.client.model,package,120,5,2,127
net.minecraft.client.MouseHandler,net.minecraft.client.MouseHandler,package,1,0,0,1
net.minecraft.client.multiplayer,net.minecraft.client.multiplayer,package,47,13,11,71
net.minecraft.client.OptionInstance,net.minecraft.client.OptionInstance,package,2,8,1,11
net.minecraft.client.Options,net.minecraft.client.Options,package,1,2,0,3
net.minecraft.client.particle,net.minecraft.client.particle,package,163,6,0,169
net.minecraft.client.PeriodicNotificationManager,net.minecraft.client.PeriodicNotificationManager,package,2,0,0,2
net.minecraft.client.player,net.minecraft.client.player,package,6,0,0,6
net.minecraft.client.profiling,net.minecraft.client.profiling,package,1,0,0,1
net.minecraft.client.quickplay,net.minecraft.client.quickplay,package,2,0,1,3
net.minecraft.client.renderer,net.minecraft.client.renderer,package,381,23,11,415
net.minecraft.client.ResourceLoadStateTracker,net.minecraft.client.ResourceLoadStateTracker,package,3,0,1,4
net.minecraft.client.resources,net.minecraft.client.resources,package,64,14,12,90
net.minecraft.client.Screenshot,net.minecraft.client.Screenshot,package,1,0,0,1
net.minecraft.client.searchtree,net.minecraft.client.searchtree,package,5,2,0,7
net.minecraft.client.server,net.minecraft.client.server,package,7,0,0,7
net.minecraft.client.sounds,net.minecraft.client.sounds,package,13,6,1,20
net.minecraft.client.StringSplitter,net.minecraft.client.StringSplitter,package,5,2,0,7
net.minecraft.client.telemetry,net.minecraft.client.telemetry,package,14,3,2,19
net.minecraft.client.ToggleKeyMapping,net.minecraft.client.ToggleKeyMapping,package,1,0,0,1
net.minecraft.client.tutorial,net.minecraft.client.tutorial,package,9,1,1,11
net.minecraft.client.User,net.minecraft.client.User,package,1,0,1,2
net.minecraft.commands.arguments,net.minecraft.commands.arguments,package,94,17,1,112
net.minecraft.commands.BrigadierExceptions,net.minecraft.commands.BrigadierExceptions,package,1,0,0,1
net.minecraft.commands.CacheableFunction,net.minecraft.commands.CacheableFunction,package,1,0,0,1
net.minecraft.commands.Commands,net.minecraft.commands.Commands,package,1,1,1,3
net.minecraft.commands.CommandSourceStack,net.minecraft.commands.CommandSourceStack,package,1,0,0,1
net.minecraft.commands.execution,net.minecraft.commands.execution,package,11,10,0,21
net.minecraft.commands.FunctionInstantiationException,net.minecraft.commands.FunctionInstantiationException,package,1,0,0,1
net.minecraft.commands.functions,net.minecraft.commands.functions,package,4,3,0,7
net.minecraft.commands.ParserUtils,net.minecraft.commands.ParserUtils,package,1,0,0,1
net.minecraft.commands.SharedSuggestionProvider,net.minecraft.commands.SharedSuggestionProvider,package,1,1,1,3
net.minecraft.commands.synchronization,net.minecraft.commands.synchronization,package,16,2,0,18
net.minecraft.core.BlockMath,net.minecraft.core.BlockMath,package,1,0,0,1
net.minecraft.core.BlockPos,net.minecraft.core.BlockPos,package,2,0,0,2
net.minecraft.core.Cloner,net.minecraft.core.Cloner,package,2,0,0,2
net.minecraft.core.component,net.minecraft.core.component,package,9,3,0,12
net.minecraft.core.Cursor3D,net.minecraft.core.Cursor3D,package,1,0,0,1
net.minecraft.core.DefaultedMappedRegistry,net.minecraft.core.DefaultedMappedRegistry,package,1,0,0,1
net.minecraft.core.dispenser,net.minecraft.core.dispenser,package,6,1,0,7
net.minecraft.core.Holder,net.minecraft.core.Holder,package,1,1,2,4
net.minecraft.core.HolderSet,net.minecraft.core.HolderSet,package,3,1,0,4
net.minecraft.core.IdMapper,net.minecraft.core.IdMapper,package,1,0,0,1
net.minecraft.core.LayeredRegistryAccess,net.minecraft.core.LayeredRegistryAccess,package,1,0,0,1
net.minecraft.core.MappedRegistry,net.minecraft.core.MappedRegistry,package,1,0,0,1
net.minecraft.core.NonNullList,net.minecraft.core.NonNullList,package,1,0,0,1
net.minecraft.core.particles,net.minecraft.core.particles,package,12,1,0,13
net.minecraft.core.QuartPos,net.minecraft.core.QuartPos,package,1,0,0,1
net.minecraft.core.registries,net.minecraft.core.registries,package,2,1,0,3
net.minecraft.core.RegistryAccess,net.minecraft.core.RegistryAccess,package,2,2,0,4
net.minecraft.core.RegistryCodecs,net.minecraft.core.RegistryCodecs,package,1,0,0,1
net.minecraft.core.RegistrySetBuilder,net.minecraft.core.RegistrySetBuilder,package,7,1,0,8
net.minecraft.core.RegistrySynchronization,net.minecraft.core.RegistrySynchronization,package,1,0,0,1
net.minecraft.core.Rotations,net.minecraft.core.Rotations,package,1,0,0,1
net.minecraft.core.SectionPos,net.minecraft.core.SectionPos,package,1,0,0,1
net.minecraft.core.UUIDUtil,net.minecraft.core.UUIDUtil,package,1,0,0,1
net.minecraft.core.Vec3i,net.minecraft.core.Vec3i,package,1,0,0,1
net.minecraft.CrashReport,net.minecraft.CrashReport,package,1,0,0,1
net.minecraft.CrashReportCategory,net.minecraft.CrashReportCategory,package,2,0,0,2
net.minecraft.data.advancements,net.minecraft.data.advancements,package,7,1,0,8
net.minecraft.data.BlockFamilies,net.minecraft.data.BlockFamilies,package,1,0,0,1
net.minecraft.data.BlockFamily,net.minecraft.data.BlockFamily,package,2,0,1,3
net.minecraft.data.DataGenerator,net.minecraft.data.DataGenerator,package,2,0,0,2
net.minecraft.data.HashCache,net.minecraft.data.HashCache,package,2,1,0,3
net.minecraft.data.info,net.minecraft.data.info,package,6,0,0,6
net.minecraft.data.loot,net.minecraft.data.loot,package,7,1,0,8
net.minecraft.data.Main,net.minecraft.data.Main,package,1,0,0,1
net.minecraft.data.metadata,net.minecraft.data.metadata,package,1,0,0,1
net.minecraft.data.models,net.minecraft.data.models,package,30,8,3,41
net.minecraft.data.PackOutput,net.minecraft.data.PackOutput,package,2,0,1,3
net.minecraft.data.recipes,net.minecraft.data.recipes,package,10,2,1,13
net.minecraft.data.registries,net.minecraft.data.registries,package,4,0,0,4
net.minecraft.data.structures,net.minecraft.data.structures,package,5,1,0,6
net.minecraft.data.tags,net.minecraft.data.tags,package,24,1,0,25
net.minecraft.data.worldgen,net.minecraft.data.worldgen,package,50,2,0,52
net.minecraft.DefaultUncaughtExceptionHandler,net.minecraft.DefaultUncaughtExceptionHandler,package,1,0,0,1
net.minecraft.DefaultUncaughtExceptionHandlerWithName,net.minecraft.DefaultUncaughtExceptionHandlerWithName,package,1,0,0,1
net.minecraft.DetectedVersion,net.minecraft.DetectedVersion,package,1,0,0,1
net.minecraft.FileUtil,net.minecraft.FileUtil,package,1,0,0,1
net.minecraft.gametest.framework,net.minecraft.gametest.framework,package,28,7,0,35
net.minecraft.locale.Language,net.minecraft.locale.Language,package,1,0,0,1
net.minecraft.nbt.ByteArrayTag,net.minecraft.nbt.ByteArrayTag,package,1,0,0,1
net.minecraft.nbt.ByteTag,net.minecraft.nbt.ByteTag,package,2,0,0,2
net.minecraft.nbt.CollectionTag,net.minecraft.nbt.CollectionTag,package,1,0,0,1
net.minecraft.nbt.CompoundTag,net.minecraft.nbt.CompoundTag,package,1,0,0,1
net.minecraft.nbt.DoubleTag,net.minecraft.nbt.DoubleTag,package,1,0,0,1
net.minecraft.nbt.EndTag,net.minecraft.nbt.EndTag,package,1,0,0,1
net.minecraft.nbt.FloatTag,net.minecraft.nbt.FloatTag,package,1,0,0,1
net.minecraft.nbt.IntArrayTag,net.minecraft.nbt.IntArrayTag,package,1,0,0,1
net.minecraft.nbt.IntTag,net.minecraft.nbt.IntTag,package,2,0,0,2
net.minecraft.nbt.ListTag,net.minecraft.nbt.ListTag,package,1,0,0,1
net.minecraft.nbt.LongArrayTag,net.minecraft.nbt.LongArrayTag,package,1,0,0,1
net.minecraft.nbt.LongTag,net.minecraft.nbt.LongTag,package,2,0,0,2
net.minecraft.nbt.NbtAccounter,net.minecraft.nbt.NbtAccounter,package,1,0,0,1
net.minecraft.nbt.NbtAccounterException,net.minecraft.nbt.NbtAccounterException,package,1,0,0,1
net.minecraft.nbt.NbtException,net.minecraft.nbt.NbtException,package,1,0,0,1
net.minecraft.nbt.NbtFormatException,net.minecraft.nbt.NbtFormatException,package,1,0,0,1
net.minecraft.nbt.NbtIo,net.minecraft.nbt.NbtIo,package,2,0,0,2
net.minecraft.nbt.NbtOps,net.minecraft.nbt.NbtOps,package,8,1,0,9
net.minecraft.nbt.NbtUtils,net.minecraft.nbt.NbtUtils,package,1,0,0,1
net.minecraft.nbt.NumericTag,net.minecraft.nbt.NumericTag,package,1,0,0,1
net.minecraft.nbt.ReportedNbtException,net.minecraft.nbt.ReportedNbtException,package,1,0,0,1
net.minecraft.nbt.ShortTag,net.minecraft.nbt.ShortTag,package,2,0,0,2
net.minecraft.nbt.SnbtPrinterTagVisitor,net.minecraft.nbt.SnbtPrinterTagVisitor,package,1,0,0,1
net.minecraft.nbt.StringTag,net.minecraft.nbt.StringTag,package,1,0,0,1
net.minecraft.nbt.StringTagVisitor,net.minecraft.nbt.StringTagVisitor,package,1,0,0,1
net.minecraft.nbt.TagParser,net.minecraft.nbt.TagParser,package,1,0,0,1
net.minecraft.nbt.TagTypes,net.minecraft.nbt.TagTypes,package,1,0,0,1
net.minecraft.nbt.TextComponentTagVisitor,net.minecraft.nbt.TextComponentTagVisitor,package,1,0,0,1
net.minecraft.nbt.visitors,net.minecraft.nbt.visitors,package,3,1,0,4
net.minecraft.network.BandwidthDebugMonitor,net.minecraft.network.BandwidthDebugMonitor,package,1,0,0,1
net.minecraft.network.chat,net.minecraft.network.chat,package,37,16,3,56
net.minecraft.network.CipherBase,net.minecraft.network.CipherBase,package,1,0,0,1
net.minecraft.network.CipherDecoder,net.minecraft.network.CipherDecoder,package,1,0,0,1
net.minecraft.network.CipherEncoder,net.minecraft.network.CipherEncoder,package,1,0,0,1
net.minecraft.network.codec,net.minecraft.network.codec,package,2,6,0,8
net.minecraft.network.CompressionDecoder,net.minecraft.network.CompressionDecoder,package,1,0,0,1
net.minecraft.network.CompressionEncoder,net.minecraft.network.CompressionEncoder,package,1,0,0,1
net.minecraft.network.Connection,net.minecraft.network.Connection,package,1,0,0,1
net.minecraft.network.FriendlyByteBuf,net.minecraft.network.FriendlyByteBuf,package,1,0,0,1
net.minecraft.network.HandlerNames,net.minecraft.network.HandlerNames,package,1,0,0,1
net.minecraft.network.MonitorFrameDecoder,net.minecraft.network.MonitorFrameDecoder,package,1,0,0,1
net.minecraft.network.NoOpFrameDecoder,net.minecraft.network.NoOpFrameDecoder,package,1,0,0,1
net.minecraft.network.NoOpFrameEncoder,net.minecraft.network.NoOpFrameEncoder,package,1,0,0,1
net.minecraft.network.PacketBundlePacker,net.minecraft.network.PacketBundlePacker,package,1,0,0,1
net.minecraft.network.PacketBundleUnpacker,net.minecraft.network.PacketBundleUnpacker,package,1,0,0,1
net.minecraft.network.PacketDecoder,net.minecraft.network.PacketDecoder,package,1,0,0,1
net.minecraft.network.PacketEncoder,net.minecraft.network.PacketEncoder,package,1,0,0,1
net.minecraft.network.protocol,net.minecraft.network.protocol,package,172,31,13,216
net.minecraft.network.RateKickingConnection,net.minecraft.network.RateKickingConnection,package,1,0,0,1
net.minecraft.network.RegistryFriendlyByteBuf,net.minecraft.network.RegistryFriendlyByteBuf,package,1,0,0,1
net.minecraft.network.SkipPacketException,net.minecraft.network.SkipPacketException,package,1,0,0,1
net.minecraft.network.syncher,net.minecraft.network.syncher,package,4,3,0,7
net.minecraft.network.UnconfiguredPipelineHandler,net.minecraft.network.UnconfiguredPipelineHandler,package,3,2,0,5
net.minecraft.network.Utf8String,net.minecraft.network.Utf8String,package,1,0,0,1
net.minecraft.network.VarInt,net.minecraft.network.VarInt,package,1,0,0,1
net.minecraft.network.Varint21FrameDecoder,net.minecraft.network.Varint21FrameDecoder,package,1,0,0,1
net.minecraft.network.Varint21LengthFieldPrepender,net.minecraft.network.Varint21LengthFieldPrepender,package,1,0,0,1
net.minecraft.network.VarLong,net.minecraft.network.VarLong,package,1,0,0,1
net.minecraft.Optionull,net.minecraft.Optionull,package,1,0,0,1
net.minecraft.realms.DisconnectedRealmsScreen,net.minecraft.realms.DisconnectedRealmsScreen,package,1,0,0,1
net.minecraft.realms.RealmsConnect,net.minecraft.realms.RealmsConnect,package,1,0,0,1
net.minecraft.realms.RealmsLabel,net.minecraft.realms.RealmsLabel,package,1,0,0,1
net.minecraft.realms.RealmsObjectSelectionList,net.minecraft.realms.RealmsObjectSelectionList,package,1,0,0,1
net.minecraft.realms.RealmsScreen,net.minecraft.realms.RealmsScreen,package,1,0,0,1
net.minecraft.realms.RepeatedNarrator,net.minecraft.realms.RepeatedNarrator,package,2,0,0,2
net.minecraft.recipebook.ServerPlaceRecipe,net.minecraft.recipebook.ServerPlaceRecipe,package,1,0,0,1
net.minecraft.references.Blocks,net.minecraft.references.Blocks,package,1,0,0,1
net.minecraft.references.Items,net.minecraft.references.Items,package,1,0,0,1
net.minecraft.ReportedException,net.minecraft.ReportedException,package,1,0,0,1
net.minecraft.ResourceLocationException,net.minecraft.ResourceLocationException,package,1,0,0,1
net.minecraft.resources.DelegatingOps,net.minecraft.resources.DelegatingOps,package,1,0,0,1
net.minecraft.resources.FileToIdConverter,net.minecraft.resources.FileToIdConverter,package,1,0,0,1
net.minecraft.resources.HolderSetCodec,net.minecraft.resources.HolderSetCodec,package,1,0,0,1
net.minecraft.resources.RegistryDataLoader,net.minecraft.resources.RegistryDataLoader,package,1,1,0,2
net.minecraft.resources.RegistryFileCodec,net.minecraft.resources.RegistryFileCodec,package,1,0,0,1
net.minecraft.resources.RegistryFixedCodec,net.minecraft.resources.RegistryFixedCodec,package,1,0,0,1
net.minecraft.resources.RegistryOps,net.minecraft.resources.RegistryOps,package,2,1,0,3
net.minecraft.resources.ResourceKey,net.minecraft.resources.ResourceKey,package,1,0,0,1
net.minecraft.resources.ResourceLocation,net.minecraft.resources.ResourceLocation,package,2,0,0,2
net.minecraft.server.advancements,net.minecraft.server.advancements,package,1,1,1,3
net.minecraft.server.Bootstrap,net.minecraft.server.Bootstrap,package,1,0,0,1
net.minecraft.server.bossevents,net.minecraft.server.bossevents,package,2,0,0,2
net.minecraft.server.ChainedJsonException,net.minecraft.server.ChainedJsonException,package,2,0,0,2
net.minecraft.server.chase,net.minecraft.server.chase,package,2,0,0,2
net.minecraft.server.commands,net.minecraft.server.commands,package,98,18,6,122
net.minecraft.server.ConsoleInput,net.minecraft.server.ConsoleInput,package,1,0,0,1
net.minecraft.server.DebugLoggedPrintStream,net.minecraft.server.DebugLoggedPrintStream,package,1,0,0,1
net.minecraft.server.dedicated,net.minecraft.server.dedicated,package,7,0,0,7
net.minecraft.server.Eula,net.minecraft.server.Eula,package,1,0,0,1
net.minecraft.server.gui,net.minecraft.server.gui,package,3,0,0,3
net.minecraft.server.level,net.minecraft.server.level,package,37,7,2,46
net.minecraft.server.LoggedPrintStream,net.minecraft.server.LoggedPrintStream,package,1,0,0,1
net.minecraft.server.Main,net.minecraft.server.Main,package,1,0,0,1
net.minecraft.server.MinecraftServer,net.minecraft.server.MinecraftServer,package,2,0,0,2
net.minecraft.server.network,net.minecraft.server.network,package,19,7,1,27
net.minecraft.server.packs,net.minecraft.server.packs,package,37,18,4,59
net.minecraft.server.PlayerAdvancements,net.minecraft.server.PlayerAdvancements,package,1,0,0,1
net.minecraft.server.players,net.minecraft.server.players,package,17,0,0,17
net.minecraft.server.rcon,net.minecraft.server.rcon,package,8,0,0,8
net.minecraft.server.ReloadableServerRegistries,net.minecraft.server.ReloadableServerRegistries,package,3,0,0,3
net.minecraft.server.ReloadableServerResources,net.minecraft.server.ReloadableServerResources,package,2,0,1,3
net.minecraft.server.RunningOnDifferentThreadException,net.minecraft.server.RunningOnDifferentThreadException,package,1,0,0,1
net.minecraft.server.ServerAdvancementManager,net.minecraft.server.ServerAdvancementManager,package,1,0,0,1
net.minecraft.server.ServerFunctionLibrary,net.minecraft.server.ServerFunctionLibrary,package,1,0,0,1
net.minecraft.server.ServerFunctionManager,net.minecraft.server.ServerFunctionManager,package,1,0,0,1
net.minecraft.server.ServerScoreboard,net.minecraft.server.ServerScoreboard,package,1,0,1,2
net.minecraft.server.ServerTickRateManager,net.minecraft.server.ServerTickRateManager,package,1,0,0,1
net.minecraft.server.TickTask,net.minecraft.server.TickTask,package,1,0,0,1
net.minecraft.server.WorldLoader,net.minecraft.server.WorldLoader,package,1,2,0,3
net.minecraft.SharedConstants,net.minecraft.SharedConstants,package,1,0,0,1
net.minecraft.sounds.Music,net.minecraft.sounds.Music,package,1,0,0,1
net.minecraft.sounds.Musics,net.minecraft.sounds.Musics,package,1,0,0,1
net.minecraft.sounds.SoundEvent,net.minecraft.sounds.SoundEvent,package,1,0,0,1
net.minecraft.sounds.SoundEvents,net.minecraft.sounds.SoundEvents,package,1,0,0,1
net.minecraft.stats.RecipeBook,net.minecraft.stats.RecipeBook,package,1,0,0,1
net.minecraft.stats.RecipeBookSettings,net.minecraft.stats.RecipeBookSettings,package,2,0,0,2
net.minecraft.stats.ServerRecipeBook,net.minecraft.stats.ServerRecipeBook,package,1,0,0,1
net.minecraft.stats.ServerStatsCounter,net.minecraft.stats.ServerStatsCounter,package,1,0,0,1
net.minecraft.stats.Stat,net.minecraft.stats.Stat,package,1,0,0,1
net.minecraft.stats.Stats,net.minecraft.stats.Stats,package,1,0,0,1
net.minecraft.stats.StatsCounter,net.minecraft.stats.StatsCounter,package,1,0,0,1
net.minecraft.stats.StatType,net.minecraft.stats.StatType,package,1,0,0,1
net.minecraft.SystemReport,net.minecraft.SystemReport,package,1,0,0,1
net.minecraft.tags.BannerPatternTags,net.minecraft.tags.BannerPatternTags,package,1,0,0,1
net.minecraft.tags.BiomeTags,net.minecraft.tags.BiomeTags,package,1,0,0,1
net.minecraft.tags.BlockTags,net.minecraft.tags.BlockTags,package,1,0,0,1
net.minecraft.tags.CatVariantTags,net.minecraft.tags.CatVariantTags,package,1,0,0,1
net.minecraft.tags.FlatLevelGeneratorPresetTags,net.minecraft.tags.FlatLevelGeneratorPresetTags,package,1,0,0,1
net.minecraft.tags.FluidTags,net.minecraft.tags.FluidTags,package,1,0,0,1
net.minecraft.tags.GameEventTags,net.minecraft.tags.GameEventTags,package,1,0,0,1
net.minecraft.tags.ItemTags,net.minecraft.tags.ItemTags,package,1,0,0,1
net.minecraft.tags.PaintingVariantTags,net.minecraft.tags.PaintingVariantTags,package,1,0,0,1
net.minecraft.tags.PoiTypeTags,net.minecraft.tags.PoiTypeTags,package,1,0,0,1
net.minecraft.tags.TagBuilder,net.minecraft.tags.TagBuilder,package,1,0,0,1
net.minecraft.tags.TagEntry,net.minecraft.tags.TagEntry,package,1,1,0,2
net.minecraft.tags.TagLoader,net.minecraft.tags.TagLoader,package,1,0,0,1
net.minecraft.tags.TagManager,net.minecraft.tags.TagManager,package,1,0,0,1
net.minecraft.tags.TagNetworkSerialization,net.minecraft.tags.TagNetworkSerialization,package,2,1,0,3
net.minecraft.tags.WorldPresetTags,net.minecraft.tags.WorldPresetTags,package,1,0,0,1
net.minecraft.util.ArrayListDeque,net.minecraft.util.ArrayListDeque,package,3,0,0,3
net.minecraft.util.ByIdMap,net.minecraft.util.ByIdMap,package,1,0,1,2
net.minecraft.util.ClassInstanceMultiMap,net.minecraft.util.ClassInstanceMultiMap,package,1,0,0,1
net.minecraft.util.ClassTreeIdRegistry,net.minecraft.util.ClassTreeIdRegistry,package,1,0,0,1
net.minecraft.util.CommonColors,net.minecraft.util.CommonColors,package,1,0,0,1
net.minecraft.util.CommonLinks,net.minecraft.util.CommonLinks,package,1,0,0,1
net.minecraft.util.CrudeIncrementalIntIdentityHashBiMap,net.minecraft.util.CrudeIncrementalIntIdentityHashBiMap,package,1,0,0,1
net.minecraft.util.Crypt,net.minecraft.util.Crypt,package,2,1,0,3
net.minecraft.util.CryptException,net.minecraft.util.CryptException,package,1,0,0,1
net.minecraft.util.CsvOutput,net.minecraft.util.CsvOutput,package,2,0,0,2
net.minecraft.util.CubicSampler,net.minecraft.util.CubicSampler,package,1,1,0,2
net.minecraft.util.CubicSpline,net.minecraft.util.CubicSpline,package,1,2,0,3
net.minecraft.util.datafix,net.minecraft.util.datafix,package,311,1,4,316
net.minecraft.util.DebugBuffer,net.minecraft.util.DebugBuffer,package,1,0,0,1
net.minecraft.util.debugchart,net.minecraft.util.debugchart,package,4,2,2,8
net.minecraft.util.DelegateDataOutput,net.minecraft.util.DelegateDataOutput,package,1,0,0,1
net.minecraft.util.DependencySorter,net.minecraft.util.DependencySorter,package,1,1,0,2
net.minecraft.util.DirectoryLock,net.minecraft.util.DirectoryLock,package,2,0,0,2
net.minecraft.util.EncoderCache,net.minecraft.util.EncoderCache,package,1,0,0,1
net.minecraft.util.eventlog,net.minecraft.util.eventlog,package,3,2,0,5
net.minecraft.util.ExceptionCollector,net.minecraft.util.ExceptionCollector,package,1,0,0,1
net.minecraft.util.ExtraCodecs,net.minecraft.util.ExtraCodecs,package,2,0,0,2
net.minecraft.util.FastBufferedInputStream,net.minecraft.util.FastBufferedInputStream,package,1,0,0,1
net.minecraft.util.FastColor,net.minecraft.util.FastColor,package,3,0,0,3
net.minecraft.util.FileZipper,net.minecraft.util.FileZipper,package,1,0,0,1
net.minecraft.util.FutureChain,net.minecraft.util.FutureChain,package,1,0,0,1
net.minecraft.util.Graph,net.minecraft.util.Graph,package,1,0,0,1
net.minecraft.util.GsonHelper,net.minecraft.util.GsonHelper,package,1,0,0,1
net.minecraft.util.HttpUtil,net.minecraft.util.HttpUtil,package,1,1,0,2
net.minecraft.util.LazyLoadedValue,net.minecraft.util.LazyLoadedValue,package,1,0,0,1
net.minecraft.util.LinearCongruentialGenerator,net.minecraft.util.LinearCongruentialGenerator,package,1,0,0,1
net.minecraft.util.LowerCaseEnumTypeAdapterFactory,net.minecraft.util.LowerCaseEnumTypeAdapterFactory,package,1,0,0,1
net.minecraft.util.MemoryReserve,net.minecraft.util.MemoryReserve,package,1,0,0,1
net.minecraft.util.monitoring,net.minecraft.util.monitoring,package,2,0,0,2
net.minecraft.util.Mth,net.minecraft.util.Mth,package,1,0,0,1
net.minecraft.util.NativeModuleLister,net.minecraft.util.NativeModuleLister,package,3,0,0,3
net.minecraft.util.NullOps,net.minecraft.util.NullOps,package,2,0,0,2
net.minecraft.util.parsing,net.minecraft.util.parsing,package,8,9,0,17
net.minecraft.util.ParticleUtils,net.minecraft.util.ParticleUtils,package,1,0,0,1
net.minecraft.util.ProblemReporter,net.minecraft.util.ProblemReporter,package,1,1,0,2
net.minecraft.util.profiling,net.minecraft.util.profiling,package,46,11,3,60
net.minecraft.util.random,net.minecraft.util.random,package,6,1,0,7
net.minecraft.util.ResourceLocationPattern,net.minecraft.util.ResourceLocationPattern,package,1,0,0,1
net.minecraft.util.SegmentedAnglePrecision,net.minecraft.util.SegmentedAnglePrecision,package,1,0,0,1
net.minecraft.util.SequencedPriorityIterator,net.minecraft.util.SequencedPriorityIterator,package,1,0,0,1
net.minecraft.util.SimpleBitStorage,net.minecraft.util.SimpleBitStorage,package,2,0,0,2
net.minecraft.util.SingleKeyCache,net.minecraft.util.SingleKeyCache,package,1,0,0,1
net.minecraft.util.SmoothDouble,net.minecraft.util.SmoothDouble,package,1,0,0,1
net.minecraft.util.SortedArraySet,net.minecraft.util.SortedArraySet,package,2,0,0,2
net.minecraft.util.SpawnUtil,net.minecraft.util.SpawnUtil,package,1,1,0,2
net.minecraft.util.StaticCache2D,net.minecraft.util.StaticCache2D,package,1,1,0,2
net.minecraft.util.StringDecomposer,net.minecraft.util.StringDecomposer,package,1,0,0,1
net.minecraft.util.StringRepresentable,net.minecraft.util.StringRepresentable,package,2,1,0,3
net.minecraft.util.StringUtil,net.minecraft.util.StringUtil,package,1,0,0,1
net.minecraft.util.thread,net.minecraft.util.thread,package,7,2,0,9
net.minecraft.util.ThreadingDetector,net.minecraft.util.ThreadingDetector,package,1,0,0,1
net.minecraft.util.TimeUtil,net.minecraft.util.TimeUtil,package,1,0,0,1
net.minecraft.util.Tuple,net.minecraft.util.Tuple,package,1,0,0,1
net.minecraft.util.valueproviders,net.minecraft.util.valueproviders,package,13,3,0,16
net.minecraft.util.worldupdate,net.minecraft.util.worldupdate,package,6,0,0,6
net.minecraft.util.ZeroBitStorage,net.minecraft.util.ZeroBitStorage,package,1,0,0,1
net.minecraft.Util,net.minecraft.Util,package,1,0,1,2
net.minecraft.world.BossEvent,net.minecraft.world.BossEvent,package,1,0,2,3
net.minecraft.world.CompoundContainer,net.minecraft.world.CompoundContainer,package,1,0,0,1
net.minecraft.world.ContainerHelper,net.minecraft.world.ContainerHelper,package,1,0,0,1
net.minecraft.world.Containers,net.minecraft.world.Containers,package,1,0,0,1
net.minecraft.world.damagesource,net.minecraft.world.damagesource,package,4,1,3,8
net.minecraft.world.DifficultyInstance,net.minecraft.world.DifficultyInstance,package,1,0,0,1
net.minecraft.world.effect,net.minecraft.world.effect,package,19,1,1,21
net.minecraft.world.entity,net.minecraft.world.entity,package,700,50,59,809
net.minecraft.world.flag,net.minecraft.world.flag,package,6,1,0,7
net.minecraft.world.food,net.minecraft.world.food,package,4,0,0,4
net.minecraft.world.InteractionResultHolder,net.minecraft.world.InteractionResultHolder,package,1,0,0,1
net.minecraft.world.inventory,net.minecraft.world.inventory,package,49,11,3,63
net.minecraft.world.item,net.minecraft.world.item,package,170,40,16,226
net.minecraft.world.level,net.minecraft.world.level,package,1170,195,109,1474
net.minecraft.world.phys,net.minecraft.world.phys,package,21,7,1,29
net.minecraft.world.RandomSequence,net.minecraft.world.RandomSequence,package,1,0,0,1
net.minecraft.world.RandomSequences,net.minecraft.world.RandomSequences,package,2,0,0,2
net.minecraft.world.scores,net.minecraft.world.scores,package,8,3,4,15
net.minecraft.world.SimpleContainer,net.minecraft.world.SimpleContainer,package,1,0,0,1
net.minecraft.world.SimpleMenuProvider,net.minecraft.world.SimpleMenuProvider,package,1,0,0,1
net.minecraft.world.TickRateManager,net.minecraft.world.TickRateManager,package,1,0,0,1
net.minecraft.world.ticks,net.minecraft.world.ticks,package,5,7,1,13
net.neoforged.neoforge.attachment,net.neoforged.neoforge.attachment,package,7,4,0,11
net.neoforged.neoforge.capabilities,net.neoforged.neoforge.capabilities,package,14,4,0,18
net.neoforged.neoforge.client,net.neoforged.neoforge.client,package,319,37,10,366
net.neoforged.neoforge.common,net.neoforged.neoforge.common,package,178,79,13,270
net.neoforged.neoforge.data,net.neoforged.neoforge.data,package,3,4,0,7
net.neoforged.neoforge.energy,net.neoforged.neoforge.energy,package,3,1,0,4
net.neoforged.neoforge.entity,net.neoforged.neoforge.entity,package,2,1,0,3
net.neoforged.neoforge.event,net.neoforged.neoforge.event,package,240,2,15,257
net.neoforged.neoforge.fluids,net.neoforged.neoforge.fluids,package,38,5,1,44
net.neoforged.neoforge.forge,net.neoforged.neoforge.forge,package,2,0,0,2
net.neoforged.neoforge.gametest,net.neoforged.neoforge.gametest,package,2,0,0,2
net.neoforged.neoforge.internal,net.neoforged.neoforge.internal,package,5,0,0,5
net.neoforged.neoforge.items,net.neoforged.neoforge.items,package,22,3,0,25
net.neoforged.neoforge.junit,net.neoforged.neoforge.junit,package,1,0,0,1
net.neoforged.neoforge.logging,net.neoforged.neoforge.logging,package,4,0,0,4
net.neoforged.neoforge.network,net.neoforged.neoforge.network,package,27,6,4,37
net.neoforged.neoforge.registries,net.neoforged.neoforge.registries,package,48,11,2,61
net.neoforged.neoforge.resource,net.neoforged.neoforge.resource,package,4,0,0,4
net.neoforged.neoforge.server,net.neoforged.neoforge.server,package,47,4,1,52
com.mojang.math.OctahedralGroup,com.mojang.math.OctahedralGroup,package,0,0,1,1
com.mojang.math.SymmetricGroup3,com.mojang.math.SymmetricGroup3,package,0,0,1,1
com.mojang.realmsclient.Unit,com.mojang.realmsclient.Unit,package,0,0,1,1
net.minecraft.advancements.AdvancementType,net.minecraft.advancements.AdvancementType,package,0,0,1,1
net.minecraft.ChatFormatting,net.minecraft.ChatFormatting,package,0,0,1,1
net.minecraft.client.AttackIndicatorStatus,net.minecraft.client.AttackIndicatorStatus,package,0,0,1,1
net.minecraft.client.CameraType,net.minecraft.client.CameraType,package,0,0,1,1
net.minecraft.client.CloudStatus,net.minecraft.client.CloudStatus,package,0,0,1,1
net.minecraft.client.GraphicsStatus,net.minecraft.client.GraphicsStatus,package,0,0,1,1
net.minecraft.client.GuiMessageTag,net.minecraft.client.GuiMessageTag,package,0,0,1,1
net.minecraft.client.InputType,net.minecraft.client.InputType,package,0,0,1,1
net.minecraft.client.NarratorStatus,net.minecraft.client.NarratorStatus,package,0,0,1,1
net.minecraft.client.ParticleStatus,net.minecraft.client.ParticleStatus,package,0,0,1,1
net.minecraft.client.PrioritizeChunkUpdates,net.minecraft.client.PrioritizeChunkUpdates,package,0,0,1,1
net.minecraft.client.RecipeBookCategories,net.minecraft.client.RecipeBookCategories,package,0,0,1,1
net.minecraft.core.AxisCycle,net.minecraft.core.AxisCycle,package,0,0,1,1
net.minecraft.core.Direction,net.minecraft.core.Direction,package,0,0,4,4
net.minecraft.core.Direction8,net.minecraft.core.Direction8,package,0,0,1,1
net.minecraft.core.FrontAndTop,net.minecraft.core.FrontAndTop,package,0,0,1,1
net.minecraft.nbt.StreamTagVisitor,net.minecraft.nbt.StreamTagVisitor,package,0,1,2,3
net.minecraft.network.ConnectionProtocol,net.minecraft.network.ConnectionProtocol,package,0,0,1,1
net.minecraft.server.RegistryLayer,net.minecraft.server.RegistryLayer,package,0,0,1,1
net.minecraft.server.ServerLinks,net.minecraft.server.ServerLinks,package,0,0,1,1
net.minecraft.sounds.SoundSource,net.minecraft.sounds.SoundSource,package,0,0,1,1
net.minecraft.util.AbortableIterationConsumer,net.minecraft.util.AbortableIterationConsumer,package,0,1,1,2
net.minecraft.util.ModCheck,net.minecraft.util.ModCheck,package,0,0,1,1
net.minecraft.util.Unit,net.minecraft.util.Unit,package,0,0,1,1
net.minecraft.world.Difficulty,net.minecraft.world.Difficulty,package,0,0,1,1
net.minecraft.world.InteractionHand,net.minecraft.world.InteractionHand,package,0,0,1,1
net.minecraft.world.InteractionResult,net.minecraft.world.InteractionResult,package,0,0,1,1
net.minecraft.world.ItemInteractionResult,net.minecraft.world.ItemInteractionResult,package,0,0,1,1
com.mojang.math.Axis,com.mojang.math.Axis,package,0,1,0,1
net.minecraft.advancements.AdvancementRequirements,net.minecraft.advancements.AdvancementRequirements,package,0,1,0,1
net.minecraft.advancements.CriterionTrigger,net.minecraft.advancements.CriterionTrigger,package,0,1,0,1
net.minecraft.advancements.CriterionTriggerInstance,net.minecraft.advancements.CriterionTriggerInstance,package,0,1,0,1
net.minecraft.CharPredicate,net.minecraft.CharPredicate,package,0,1,0,1
net.minecraft.commands.CommandBuildContext,net.minecraft.commands.CommandBuildContext,package,0,1,0,1
net.minecraft.commands.CommandResultCallback,net.minecraft.commands.CommandResultCallback,package,0,1,0,1
net.minecraft.commands.CommandSigningContext,net.minecraft.commands.CommandSigningContext,package,0,1,0,1
net.minecraft.commands.CommandSource,net.minecraft.commands.CommandSource,package,0,1,0,1
net.minecraft.commands.ExecutionCommandSource,net.minecraft.commands.ExecutionCommandSource,package,0,1,0,1
net.minecraft.core.cauldron,net.minecraft.core.cauldron,package,0,1,0,1
net.minecraft.core.DefaultedRegistry,net.minecraft.core.DefaultedRegistry,package,0,1,0,1
net.minecraft.core.HolderGetter,net.minecraft.core.HolderGetter,package,0,2,0,2
net.minecraft.core.HolderLookup,net.minecraft.core.HolderLookup,package,0,4,0,4
net.minecraft.core.HolderOwner,net.minecraft.core.HolderOwner,package,0,1,0,1
net.minecraft.core.IdMap,net.minecraft.core.IdMap,package,0,1,0,1
net.minecraft.core.Position,net.minecraft.core.Position,package,0,1,0,1
net.minecraft.core.Registry,net.minecraft.core.Registry,package,0,1,0,1
net.minecraft.core.WritableRegistry,net.minecraft.core.WritableRegistry,package,0,1,0,1
net.minecraft.CrashReportDetail,net.minecraft.CrashReportDetail,package,0,1,0,1
net.minecraft.data.CachedOutput,net.minecraft.data.CachedOutput,package,0,1,0,1
net.minecraft.data.DataProvider,net.minecraft.data.DataProvider,package,0,2,0,2
net.minecraft.nbt.Tag,net.minecraft.nbt.Tag,package,0,1,0,1
net.minecraft.nbt.TagType,net.minecraft.nbt.TagType,package,0,3,0,3
net.minecraft.nbt.TagVisitor,net.minecraft.nbt.TagVisitor,package,0,1,0,1
net.minecraft.network.ClientboundPacketListener,net.minecraft.network.ClientboundPacketListener,package,0,1,0,1
net.minecraft.network.PacketListener,net.minecraft.network.PacketListener,package,0,1,0,1
net.minecraft.network.PacketSendListener,net.minecraft.network.PacketSendListener,package,0,1,0,1
net.minecraft.network.ProtocolInfo,net.minecraft.network.ProtocolInfo,package,0,3,0,3
net.minecraft.network.ProtocolSwapHandler,net.minecraft.network.ProtocolSwapHandler,package,0,1,0,1
net.minecraft.network.ServerboundPacketListener,net.minecraft.network.ServerboundPacketListener,package,0,1,0,1
net.minecraft.network.TickablePacketListener,net.minecraft.network.TickablePacketListener,package,0,1,0,1
net.minecraft.recipebook.PlaceRecipe,net.minecraft.recipebook.PlaceRecipe,package,0,1,0,1
net.minecraft.server.ServerInfo,net.minecraft.server.ServerInfo,package,0,1,0,1
net.minecraft.server.ServerInterface,net.minecraft.server.ServerInterface,package,0,1,0,1
net.minecraft.stats.StatFormatter,net.minecraft.stats.StatFormatter,package,0,1,0,1
net.minecraft.tags.DamageTypeTags,net.minecraft.tags.DamageTypeTags,package,0,1,0,1
net.minecraft.tags.EnchantmentTags,net.minecraft.tags.EnchantmentTags,package,0,1,0,1
net.minecraft.tags.EntityTypeTags,net.minecraft.tags.EntityTypeTags,package,0,1,0,1
net.minecraft.tags.InstrumentTags,net.minecraft.tags.InstrumentTags,package,0,1,0,1
net.minecraft.tags.StructureTags,net.minecraft.tags.StructureTags,package,0,1,0,1
net.minecraft.util.BitStorage,net.minecraft.util.BitStorage,package,0,1,0,1
net.minecraft.util.FormattedCharSequence,net.minecraft.util.FormattedCharSequence,package,0,1,0,1
net.minecraft.util.FormattedCharSink,net.minecraft.util.FormattedCharSink,package,0,1,0,1
net.minecraft.util.ListAndDeque,net.minecraft.util.ListAndDeque,package,0,1,0,1
net.minecraft.util.OptionEnum,net.minecraft.util.OptionEnum,package,0,1,0,1
net.minecraft.util.ProgressListener,net.minecraft.util.ProgressListener,package,0,1,0,1
net.minecraft.util.RandomSource,net.minecraft.util.RandomSource,package,0,1,0,1
net.minecraft.util.SignatureUpdater,net.minecraft.util.SignatureUpdater,package,0,2,0,2
net.minecraft.util.SignatureValidator,net.minecraft.util.SignatureValidator,package,0,1,0,1
net.minecraft.util.Signer,net.minecraft.util.Signer,package,0,1,0,1
net.minecraft.util.TaskChainer,net.minecraft.util.TaskChainer,package,0,1,0,1
net.minecraft.util.TimeSource,net.minecraft.util.TimeSource,package,0,2,0,2
net.minecraft.util.ToFloatFunction,net.minecraft.util.ToFloatFunction,package,0,1,0,1
net.minecraft.world.Clearable,net.minecraft.world.Clearable,package,0,1,0,1
net.minecraft.world.Container,net.minecraft.world.Container,package,0,1,0,1
net.minecraft.world.ContainerListener,net.minecraft.world.ContainerListener,package,0,1,0,1
net.minecraft.world.MenuProvider,net.minecraft.world.MenuProvider,package,0,1,0,1
net.minecraft.world.Nameable,net.minecraft.world.Nameable,package,0,1,0,1
net.minecraft.world.RandomizableContainer,net.minecraft.world.RandomizableContainer,package,0,1,0,1
net.minecraft.world.WorldlyContainer,net.minecraft.world.WorldlyContainer,package,0,1,0,1
net.minecraft.world.WorldlyContainerHolder,net.minecraft.world.WorldlyContainerHolder,package,0,1,0,1
net.minecraft.WorldVersion,net.minecraft.WorldVersion,package,0,1,0,1
net.neoforged.neoforge.mixins,net.neoforged.neoforge.mixins,package,0,2,0,2
